Model,RMSE,MAE,MAPE,Beats_Baseline
arima,26.389984130859375,26.389984130859375,6.134780042099032,Yes
xgb,26.890025024241254,26.890025024241254,6.251022661940753,Yes
ridge,27.10379344237532,27.10379344237532,6.300716599561064,Yes
lasso,28.643797324161596,28.643797324161596,6.658715491560771,Yes
elasticnet,28.86304658150641,28.86304658150641,6.709683539193326,Yes
random_walk,31.08515200256295,31.08515200256295,7.226248002473803,Baseline
ar1,43.459379659188016,43.459379659188016,10.102838018133706,No
