Model,RMSE,MAE,MAPE,Beats_Baseline
arima,59.25354705918537,53.433329264322914,17.153125842385585,Yes
random_walk,67.76613721620446,63.01758914533111,20.581477111947407,Baseline
