Model,RMSE,MAE,MAPE,Beats_Baseline
random_walk,62.44075420721433,59.235347998195515,17.808933559204455,Baseline
arima,66.36975843876017,57.6875,16.122757477928076,No
elasticnet,414.9997812632011,351.44293104121806,97.62870590954532,No
lasso,425.1908356025001,359.24942722962913,99.72372639969542,No
ridge,449.7208950694789,377.1326594553495,104.71195035116271,No
