Model,RMSE,MAE,MAPE,Beats_Baseline
random_walk,17.542512508919092,14.986265527875952,3.3406819398057057,Baseline
lasso,17.56718256756005,15.010459007345645,3.346106148394427,No
elasticnet,19.626022425388328,17.006288610718702,3.7935771319301086,No
ar1,25.70153738999984,20.5635095064333,4.628919119582552,No
arima,25.70153738999984,20.5635095064333,4.628919119582552,No
xgb,34.50452090931897,28.27022816731499,6.358179716858865,No
ridge,34.6007804227517,28.576030687112638,6.445947303423388,No
