Model,RMSE,MAE,MAPE,Beats_Baseline
arima,66.36975843876017,57.6875,16.122757477928076,Yes
random_walk,65.12391873551199,57.730632561305356,16.295898909882826,Baseline
