Model,RMSE,MAE,MAPE,Beats_Baseline
xgb,45.651194449805985,40.85711967653892,9.099878391986788,Yes
ar1,50.539222881641344,48.48282077733095,10.946166896620461,Yes
ridge,63.50838260880268,61.45555255380125,13.817099787108624,Yes
lasso,64.81470429221137,64.2310528369983,14.43766551239164,Yes
elasticnet,66.54448483731028,65.97109791975346,14.828394720996963,Yes
random_walk,103.18196146739753,102.38724433637283,23.014326796294704,Baseline
arima,110.47511647249407,109.94667561848958,24.728333366861758,No
