Model,RMSE,MAE,MAPE,Beats_Baseline
arima,49.70004470951132,41.255001068115234,19.363793620357093,Yes
random_walk,49.851966863691445,41.55777007116109,19.669071096963105,Baseline
ridge,61.32850971353569,45.49602016620614,18.630358576488206,No
elasticnet,63.58857557268659,45.80439241644768,18.385023775366623,No
lasso,64.1880939681419,46.37319686880523,18.607721684078157,No
xgb,67.8093668991153,46.39238673785544,18.62551796669624,No
ar1,91.31117084846905,63.11134172214349,24.62675942983704,No
