Model,RMSE,MAE,MAPE,Beats_Baseline
elasticnet,22.35039688613138,19.70015357886666,4.907832699716828,Yes
lasso,26.78196173652333,24.73457503229688,6.145625486928467,Yes
random_walk,26.80261768523205,24.759672316218985,6.151751158930648,Baseline
xgb,27.24953247533971,21.242659272465687,5.123694296304606,No
ridge,32.69904807888052,26.18588008513343,6.3280208907789595,No
ar1,35.96889929270394,26.633121725797945,6.421826229490094,No
arima,35.96889929270394,26.633121725797945,6.421826229490094,No
