Model,RMSE,MAE,MAPE,Beats_Baseline
arima,59.25354705918537,53.433329264322914,17.153125842385585,Yes
random_walk,67.76613721620446,63.01758914533111,20.581477111947407,Baseline
elasticnet,197.62158086542473,166.01910904710505,55.41347176257197,No
lasso,201.0321666028151,168.2664275624633,56.21781201364292,No
ridge,207.89106825458066,171.7743323907217,57.830369889224265,No
