Model,RMSE,MAE,MAPE,Beats_Baseline
random_walk,66.43179005757933,58.99328656007204,14.646693467941816,Baseline
arima,72.14664722278663,61.941670735677086,15.14923208891987,No
xgb,126.1507227738362,101.56748786756508,24.02935146486749,No
elasticnet,128.63936880220163,113.92933481333303,28.118583182432793,No
lasso,130.3510711265518,115.94011298119487,28.677201749713316,No
ridge,137.11386808973077,123.56521594014323,30.904861591941536,No
ar1,149.92031621338376,116.72073537746189,27.28076554863866,No
